user_id,channel,marketing_cost_eur
812,tiktok_ads,31.57
821,tiktok_ads,31.57
835,tiktok_ads,31.57
843,tiktok_ads,31.57
845,tiktok_ads,31.57
850,tiktok_ads,31.57
858,tiktok_ads,31.57
866,tiktok_ads,31.57
873,tiktok_ads,31.57
877,tiktok_ads,31.57
884,tiktok_ads,31.57
1176,referral,25.00
1182,referral,25.00
1184,referral,25.00
1197,referral,25.00
1217,referral,25.00
1225,referral,25.00
1231,referral,25.00
1233,referral,25.00
303,email,51.26
314,email,51.26
1422,affiliate,123.30
1430,affiliate,123.30
1440,affiliate,123.30
229,tiktok_ads,44.91
232,tiktok_ads,44.91
233,tiktok_ads,44.91
239,tiktok_ads,44.91
245,tiktok_ads,44.91
249,tiktok_ads,44.91
252,tiktok_ads,44.91
255,tiktok_ads,44.91
1668,tiktok_ads,42.02
1669,tiktok_ads,42.02
1679,tiktok_ads,42.02
1727,tiktok_ads,42.02
1734,tiktok_ads,42.02
1736,tiktok_ads,42.02
1744,tiktok_ads,42.02
1765,tiktok_ads,42.02
1770,tiktok_ads,42.02
1773,tiktok_ads,42.02
1576,meta_ads,31.34
1586,meta_ads,31.34
1588,meta_ads,31.34
1589,meta_ads,31.34
1607,meta_ads,31.34
1620,meta_ads,31.34
1627,meta_ads,31.34
1633,meta_ads,31.34
1639,meta_ads,31.34
1644,meta_ads,31.34
1646,meta_ads,31.34
1651,meta_ads,31.34
1659,meta_ads,31.34
1667,meta_ads,31.34
1566,email,21.80
1622,email,21.80
1636,email,21.80
1641,email,21.80
1653,email,21.80
60,referral,25.00
65,referral,25.00
67,referral,25.00
78,referral,25.00
82,referral,25.00
85,referral,25.00
93,referral,25.00
94,referral,25.00
95,referral,25.00
99,referral,25.00
897,meta_ads,27.79
903,meta_ads,27.79
912,meta_ads,27.79
914,meta_ads,27.79
918,meta_ads,27.79
930,meta_ads,27.79
934,meta_ads,27.79
941,meta_ads,27.79
942,meta_ads,27.79
944,meta_ads,27.79
949,meta_ads,27.79
952,meta_ads,27.79
967,meta_ads,27.79
968,meta_ads,27.79
974,meta_ads,27.79
980,meta_ads,27.79
1373,tiktok_ads,8.20
1376,tiktok_ads,8.20
1377,tiktok_ads,8.20
1391,tiktok_ads,8.20
1397,tiktok_ads,8.20
1416,tiktok_ads,8.20
1420,tiktok_ads,8.20
1437,tiktok_ads,8.20
1439,tiktok_ads,8.20
57,email,29.43
107,email,29.43
2,referral,25.00
4,referral,25.00
5,referral,25.00
16,referral,25.00
17,referral,25.00
20,referral,25.00
21,referral,25.00
23,referral,25.00
24,referral,25.00
33,referral,25.00
36,referral,25.00
38,referral,25.00
41,referral,25.00
42,referral,25.00
48,referral,25.00
52,referral,25.00
1671,referral,25.00
1675,referral,25.00
1677,referral,25.00
1681,referral,25.00
1691,referral,25.00
1693,referral,25.00
1702,referral,25.00
1710,referral,25.00
1712,referral,25.00
1713,referral,25.00
1724,referral,25.00
1738,referral,25.00
1745,referral,25.00
1747,referral,25.00
1757,referral,25.00
1761,referral,25.00
1771,referral,25.00
1772,referral,25.00
231,meta_ads,56.75
242,meta_ads,56.75
268,meta_ads,56.75
276,meta_ads,56.75
280,meta_ads,56.75
283,meta_ads,56.75
291,meta_ads,56.75
810,google_ads,36.07
811,google_ads,36.07
813,google_ads,36.07
814,google_ads,36.07
816,google_ads,36.07
817,google_ads,36.07
818,google_ads,36.07
822,google_ads,36.07
829,google_ads,36.07
833,google_ads,36.07
837,google_ads,36.07
839,google_ads,36.07
840,google_ads,36.07
844,google_ads,36.07
847,google_ads,36.07
849,google_ads,36.07
851,google_ads,36.07
854,google_ads,36.07
855,google_ads,36.07
863,google_ads,36.07
867,google_ads,36.07
874,google_ads,36.07
880,google_ads,36.07
881,google_ads,36.07
882,google_ads,36.07
888,google_ads,36.07
893,google_ads,36.07
1200,affiliate,114.77
1205,affiliate,114.77
1237,affiliate,114.77
251,email,67.93
503,meta_ads,61.02
505,meta_ads,61.02
512,meta_ads,61.02
531,meta_ads,61.02
545,meta_ads,61.02
548,meta_ads,61.02
550,meta_ads,61.02
554,meta_ads,61.02
171,meta_ads,28.00
190,meta_ads,28.00
205,meta_ads,28.00
217,meta_ads,28.00
219,meta_ads,28.00
221,meta_ads,28.00
225,meta_ads,28.00
227,meta_ads,28.00
1936,affiliate,116.72
1972,affiliate,116.72
1985,affiliate,116.72
575,meta_ads,29.41
583,meta_ads,29.41
590,meta_ads,29.41
596,meta_ads,29.41
604,meta_ads,29.41
606,meta_ads,29.41
609,meta_ads,29.41
614,meta_ads,29.41
616,meta_ads,29.41
625,meta_ads,29.41
630,meta_ads,29.41
635,meta_ads,29.41
638,meta_ads,29.41
646,meta_ads,29.41
573,meta_ads,29.41
294,google_ads,31.76
299,google_ads,31.76
304,google_ads,31.76
305,google_ads,31.76
308,google_ads,31.76
311,google_ads,31.76
319,google_ads,31.76
326,google_ads,31.76
329,google_ads,31.76
330,google_ads,31.76
333,google_ads,31.76
334,google_ads,31.76
335,google_ads,31.76
337,google_ads,31.76
340,google_ads,31.76
345,google_ads,31.76
346,google_ads,31.76
350,google_ads,31.76
353,google_ads,31.76
354,google_ads,31.76
1892,meta_ads,22.62
1904,meta_ads,22.62
1908,meta_ads,22.62
1910,meta_ads,22.62
1916,meta_ads,22.62
1917,meta_ads,22.62
1920,meta_ads,22.62
1926,meta_ads,22.62
1939,meta_ads,22.62
1946,meta_ads,22.62
1947,meta_ads,22.62
1951,meta_ads,22.62
1953,meta_ads,22.62
1958,meta_ads,22.62
1969,meta_ads,22.62
1970,meta_ads,22.62
1973,meta_ads,22.62
1981,meta_ads,22.62
1983,meta_ads,22.62
1987,meta_ads,22.62
1991,meta_ads,22.62
1993,meta_ads,22.62
2000,meta_ads,22.62
759,google_ads,30.38
761,google_ads,30.38
765,google_ads,30.38
766,google_ads,30.38
768,google_ads,30.38
772,google_ads,30.38
774,google_ads,30.38
775,google_ads,30.38
779,google_ads,30.38
780,google_ads,30.38
782,google_ads,30.38
785,google_ads,30.38
789,google_ads,30.38
797,google_ads,30.38
800,google_ads,30.38
804,google_ads,30.38
805,google_ads,30.38
807,google_ads,30.38
729,google_ads,30.38
730,google_ads,30.38
731,google_ads,30.38
733,google_ads,30.38
734,google_ads,30.38
737,google_ads,30.38
739,google_ads,30.38
742,google_ads,30.38
746,google_ads,30.38
750,google_ads,30.38
753,google_ads,30.38
754,google_ads,30.38
587,affiliate,61.27
610,affiliate,61.27
617,affiliate,61.27
381,tiktok_ads,72.95
386,tiktok_ads,72.95
389,tiktok_ads,72.95
398,tiktok_ads,72.95
400,tiktok_ads,72.95
364,tiktok_ads,72.95
365,tiktok_ads,72.95
1689,email,97.80
1891,google_ads,21.28
1895,google_ads,21.28
1898,google_ads,21.28
1900,google_ads,21.28
1903,google_ads,21.28
1906,google_ads,21.28
1909,google_ads,21.28
1914,google_ads,21.28
1915,google_ads,21.28
1918,google_ads,21.28
1919,google_ads,21.28
1922,google_ads,21.28
1924,google_ads,21.28
1930,google_ads,21.28
1932,google_ads,21.28
1933,google_ads,21.28
1940,google_ads,21.28
1949,google_ads,21.28
1950,google_ads,21.28
1952,google_ads,21.28
1954,google_ads,21.28
1955,google_ads,21.28
1956,google_ads,21.28
1957,google_ads,21.28
1962,google_ads,21.28
1965,google_ads,21.28
1967,google_ads,21.28
1968,google_ads,21.28
1971,google_ads,21.28
1975,google_ads,21.28
1976,google_ads,21.28
1977,google_ads,21.28
1978,google_ads,21.28
1982,google_ads,21.28
1984,google_ads,21.28
1986,google_ads,21.28
1992,google_ads,21.28
1994,google_ads,21.28
1997,google_ads,21.28
1998,google_ads,21.28
1887,google_ads,21.28
1888,google_ads,21.28
427,google_ads,38.12
428,google_ads,38.12
433,google_ads,38.12
435,google_ads,38.12
437,google_ads,38.12
438,google_ads,38.12
443,google_ads,38.12
444,google_ads,38.12
446,google_ads,38.12
448,google_ads,38.12
449,google_ads,38.12
454,google_ads,38.12
457,google_ads,38.12
464,google_ads,38.12
470,google_ads,38.12
472,google_ads,38.12
473,google_ads,38.12
475,google_ads,38.12
476,google_ads,38.12
478,google_ads,38.12
480,google_ads,38.12
484,google_ads,38.12
487,google_ads,38.12
490,google_ads,38.12
493,google_ads,38.12
494,google_ads,38.12
295,referral,25.00
301,referral,25.00
302,referral,25.00
306,referral,25.00
310,referral,25.00
313,referral,25.00
320,referral,25.00
323,referral,25.00
327,referral,25.00
331,referral,25.00
338,referral,25.00
339,referral,25.00
348,referral,25.00
349,referral,25.00
351,referral,25.00
352,referral,25.00
1360,google_ads,23.60
1362,google_ads,23.60
1365,google_ads,23.60
1366,google_ads,23.60
1368,google_ads,23.60
1369,google_ads,23.60
1370,google_ads,23.60
1372,google_ads,23.60
1378,google_ads,23.60
1379,google_ads,23.60
1383,google_ads,23.60
1385,google_ads,23.60
1390,google_ads,23.60
1393,google_ads,23.60
1399,google_ads,23.60
1401,google_ads,23.60
1407,google_ads,23.60
1408,google_ads,23.60
1410,google_ads,23.60
1413,google_ads,23.60
1415,google_ads,23.60
1419,google_ads,23.60
1421,google_ads,23.60
1424,google_ads,23.60
1426,google_ads,23.60
1432,google_ads,23.60
1433,google_ads,23.60
1435,google_ads,23.60
1438,google_ads,23.60
1442,google_ads,23.60
1443,google_ads,23.60
1444,google_ads,23.60
1445,google_ads,23.60
1446,google_ads,23.60
1450,google_ads,23.60
1455,google_ads,23.60
857,affiliate,199.78
890,affiliate,199.78
1777,referral,25.00
1778,referral,25.00
1782,referral,25.00
1790,referral,25.00
1794,referral,25.00
1802,referral,25.00
1811,referral,25.00
1813,referral,25.00
1814,referral,25.00
1822,referral,25.00
1828,referral,25.00
1829,referral,25.00
1834,referral,25.00
1840,referral,25.00
1841,referral,25.00
1842,referral,25.00
1850,referral,25.00
1854,referral,25.00
1860,referral,25.00
1863,referral,25.00
1877,referral,25.00
1879,referral,25.00
1886,referral,25.00
358,google_ads,31.56
359,google_ads,31.56
360,google_ads,31.56
361,google_ads,31.56
362,google_ads,31.56
366,google_ads,31.56
367,google_ads,31.56
368,google_ads,31.56
370,google_ads,31.56
372,google_ads,31.56
378,google_ads,31.56
379,google_ads,31.56
382,google_ads,31.56
383,google_ads,31.56
388,google_ads,31.56
390,google_ads,31.56
393,google_ads,31.56
399,google_ads,31.56
402,google_ads,31.56
403,google_ads,31.56
404,google_ads,31.56
406,google_ads,31.56
411,google_ads,31.56
416,google_ads,31.56
422,google_ads,31.56
363,meta_ads,50.57
375,meta_ads,50.57
376,meta_ads,50.57
377,meta_ads,50.57
385,meta_ads,50.57
391,meta_ads,50.57
407,meta_ads,50.57
414,meta_ads,50.57
418,meta_ads,50.57
426,meta_ads,50.57
30,affiliate,610.58
153,google_ads,25.92
154,google_ads,25.92
157,google_ads,25.92
158,google_ads,25.92
111,google_ads,25.92
113,google_ads,25.92
121,google_ads,25.92
125,google_ads,25.92
126,google_ads,25.92
127,google_ads,25.92
135,google_ads,25.92
136,google_ads,25.92
139,google_ads,25.92
141,google_ads,25.92
142,google_ads,25.92
143,google_ads,25.92
144,google_ads,25.92
148,google_ads,25.92
150,google_ads,25.92
152,google_ads,25.92
1262,google_ads,24.18
1266,google_ads,24.18
1269,google_ads,24.18
1270,google_ads,24.18
1272,google_ads,24.18
1274,google_ads,24.18
1277,google_ads,24.18
1278,google_ads,24.18
1282,google_ads,24.18
1285,google_ads,24.18
1290,google_ads,24.18
1291,google_ads,24.18
1293,google_ads,24.18
1295,google_ads,24.18
1297,google_ads,24.18
1308,google_ads,24.18
1311,google_ads,24.18
1314,google_ads,24.18
1315,google_ads,24.18
1316,google_ads,24.18
1317,google_ads,24.18
1320,google_ads,24.18
1322,google_ads,24.18
1323,google_ads,24.18
1324,google_ads,24.18
1325,google_ads,24.18
1326,google_ads,24.18
1329,google_ads,24.18
1333,google_ads,24.18
1337,google_ads,24.18
1340,google_ads,24.18
1341,google_ads,24.18
1347,google_ads,24.18
1348,google_ads,24.18
1351,google_ads,24.18
1353,google_ads,24.18
1354,google_ads,24.18
1357,google_ads,24.18
172,tiktok_ads,87.53
175,tiktok_ads,87.53
184,tiktok_ads,87.53
191,tiktok_ads,87.53
207,tiktok_ads,87.53
1515,affiliate,36.92
1502,affiliate,36.92
1510,affiliate,36.92
579,referral,25.00
581,referral,25.00
582,referral,25.00
584,referral,25.00
588,referral,25.00
589,referral,25.00
591,referral,25.00
593,referral,25.00
599,referral,25.00
600,referral,25.00
602,referral,25.00
603,referral,25.00
607,referral,25.00
613,referral,25.00
618,referral,25.00
620,referral,25.00
629,referral,25.00
634,referral,25.00
637,referral,25.00
639,referral,25.00
1139,meta_ads,22.85
1073,meta_ads,22.85
1077,meta_ads,22.85
1079,meta_ads,22.85
1094,meta_ads,22.85
1110,meta_ads,22.85
1117,meta_ads,22.85
1118,meta_ads,22.85
1119,meta_ads,22.85
1124,meta_ads,22.85
1128,meta_ads,22.85
501,referral,25.00
504,referral,25.00
513,referral,25.00
516,referral,25.00
517,referral,25.00
518,referral,25.00
527,referral,25.00
530,referral,25.00
532,referral,25.00
540,referral,25.00
541,referral,25.00
543,referral,25.00
544,referral,25.00
559,referral,25.00
562,referral,25.00
564,referral,25.00
566,referral,25.00
567,referral,25.00
119,email,72.93
138,email,72.93
3,google_ads,42.88
6,google_ads,42.88
7,google_ads,42.88
8,google_ads,42.88
14,google_ads,42.88
15,google_ads,42.88
19,google_ads,42.88
25,google_ads,42.88
28,google_ads,42.88
34,google_ads,42.88
40,google_ads,42.88
44,google_ads,42.88
46,google_ads,42.88
47,google_ads,42.88
51,google_ads,42.88
53,google_ads,42.88
1460,referral,25.00
1477,referral,25.00
1479,referral,25.00
1496,referral,25.00
1514,referral,25.00
1517,referral,25.00
1524,referral,25.00
1530,referral,25.00
1533,referral,25.00
1537,referral,25.00
1538,referral,25.00
1556,referral,25.00
1557,referral,25.00
1558,referral,25.00
1897,email,21.90
1988,email,21.90
1261,meta_ads,35.26
1263,meta_ads,35.26
1264,meta_ads,35.26
1268,meta_ads,35.26
1271,meta_ads,35.26
1275,meta_ads,35.26
1283,meta_ads,35.26
1284,meta_ads,35.26
1287,meta_ads,35.26
1288,meta_ads,35.26
1296,meta_ads,35.26
1303,meta_ads,35.26
1313,meta_ads,35.26
1319,meta_ads,35.26
1335,meta_ads,35.26
1342,meta_ads,35.26
1343,meta_ads,35.26
1344,meta_ads,35.26
1349,meta_ads,35.26
1355,meta_ads,35.26
656,tiktok_ads,77.77
692,tiktok_ads,77.77
701,tiktok_ads,77.77
709,tiktok_ads,77.77
711,tiktok_ads,77.77
715,tiktok_ads,77.77
716,tiktok_ads,77.77
1776,meta_ads,17.33
1780,meta_ads,17.33
1783,meta_ads,17.33
1785,meta_ads,17.33
1787,meta_ads,17.33
1792,meta_ads,17.33
1797,meta_ads,17.33
1804,meta_ads,17.33
1815,meta_ads,17.33
1817,meta_ads,17.33
1821,meta_ads,17.33
1832,meta_ads,17.33
1839,meta_ads,17.33
1846,meta_ads,17.33
1855,meta_ads,17.33
1859,meta_ads,17.33
1872,meta_ads,17.33
1875,meta_ads,17.33
1882,meta_ads,17.33
1178,email,17.22
1186,email,17.22
1236,email,17.22
1241,email,17.22
1564,referral,25.00
1574,referral,25.00
1577,referral,25.00
1578,referral,25.00
1585,referral,25.00
1592,referral,25.00
1593,referral,25.00
1594,referral,25.00
1596,referral,25.00
1598,referral,25.00
1599,referral,25.00
1600,referral,25.00
1603,referral,25.00
1610,referral,25.00
1623,referral,25.00
1624,referral,25.00
1626,referral,25.00
1635,referral,25.00
1642,referral,25.00
1649,referral,25.00
1655,referral,25.00
1658,referral,25.00
1661,referral,25.00
1168,meta_ads,33.26
1170,meta_ads,33.26
1174,meta_ads,33.26
1175,meta_ads,33.26
1188,meta_ads,33.26
1192,meta_ads,33.26
1195,meta_ads,33.26
1198,meta_ads,33.26
1206,meta_ads,33.26
1213,meta_ads,33.26
1216,meta_ads,33.26
1222,meta_ads,33.26
1223,meta_ads,33.26
1229,meta_ads,33.26
1234,meta_ads,33.26
1240,meta_ads,33.26
1244,meta_ads,33.26
1245,meta_ads,33.26
1251,meta_ads,33.26
1258,meta_ads,33.26
1259,meta_ads,33.26
169,google_ads,39.06
177,google_ads,39.06
181,google_ads,39.06
182,google_ads,39.06
187,google_ads,39.06
189,google_ads,39.06
192,google_ads,39.06
195,google_ads,39.06
196,google_ads,39.06
197,google_ads,39.06
198,google_ads,39.06
199,google_ads,39.06
203,google_ads,39.06
204,google_ads,39.06
206,google_ads,39.06
208,google_ads,39.06
210,google_ads,39.06
212,google_ads,39.06
213,google_ads,39.06
214,google_ads,39.06
215,google_ads,39.06
216,google_ads,39.06
223,google_ads,39.06
226,google_ads,39.06
112,tiktok_ads,23.41
116,tiktok_ads,23.41
120,tiktok_ads,23.41
128,tiktok_ads,23.41
130,tiktok_ads,23.41
145,tiktok_ads,23.41
159,tiktok_ads,23.41
160,tiktok_ads,23.41
1901,tiktok_ads,39.47
1911,tiktok_ads,39.47
1921,tiktok_ads,39.47
1925,tiktok_ads,39.47
1928,tiktok_ads,39.47
1929,tiktok_ads,39.47
1937,tiktok_ads,39.47
1959,tiktok_ads,39.47
1980,tiktok_ads,39.47
380,referral,25.00
384,referral,25.00
387,referral,25.00
392,referral,25.00
394,referral,25.00
396,referral,25.00
401,referral,25.00
410,referral,25.00
412,referral,25.00
413,referral,25.00
420,referral,25.00
423,referral,25.00
425,referral,25.00
369,referral,25.00
371,referral,25.00
373,referral,25.00
55,google_ads,23.94
58,google_ads,23.94
62,google_ads,23.94
68,google_ads,23.94
69,google_ads,23.94
70,google_ads,23.94
72,google_ads,23.94
75,google_ads,23.94
76,google_ads,23.94
83,google_ads,23.94
91,google_ads,23.94
92,google_ads,23.94
96,google_ads,23.94
98,google_ads,23.94
106,google_ads,23.94
170,email,49.69
185,email,49.69
56,meta_ads,35.98
63,meta_ads,35.98
66,meta_ads,35.98
77,meta_ads,35.98
80,meta_ads,35.98
88,meta_ads,35.98
90,meta_ads,35.98
97,meta_ads,35.98
100,meta_ads,35.98
101,meta_ads,35.98
102,meta_ads,35.98
109,meta_ads,35.98
114,referral,25.00
123,referral,25.00
124,referral,25.00
131,referral,25.00
133,referral,25.00
147,referral,25.00
149,referral,25.00
151,referral,25.00
155,referral,25.00
156,referral,25.00
164,referral,25.00
167,referral,25.00
234,google_ads,38.18
238,google_ads,38.18
240,google_ads,38.18
244,google_ads,38.18
253,google_ads,38.18
258,google_ads,38.18
261,google_ads,38.18
262,google_ads,38.18
264,google_ads,38.18
265,google_ads,38.18
269,google_ads,38.18
270,google_ads,38.18
271,google_ads,38.18
272,google_ads,38.18
274,google_ads,38.18
275,google_ads,38.18
278,google_ads,38.18
279,google_ads,38.18
281,google_ads,38.18
284,google_ads,38.18
286,google_ads,38.18
287,google_ads,38.18
288,google_ads,38.18
290,google_ads,38.18
1144,tiktok_ads,21.76
1163,tiktok_ads,21.76
1164,tiktok_ads,21.76
1081,tiktok_ads,21.76
1082,tiktok_ads,21.76
1083,tiktok_ads,21.76
1093,tiktok_ads,21.76
1095,tiktok_ads,21.76
1102,tiktok_ads,21.76
1107,tiktok_ads,21.76
1122,tiktok_ads,21.76
1129,tiktok_ads,21.76
1478,google_ads,22.59
1480,google_ads,22.59
1492,google_ads,22.59
1500,google_ads,22.59
1501,google_ads,22.59
1504,google_ads,22.59
1505,google_ads,22.59
1509,google_ads,22.59
1512,google_ads,22.59
1513,google_ads,22.59
1520,google_ads,22.59
1527,google_ads,22.59
1528,google_ads,22.59
1529,google_ads,22.59
1531,google_ads,22.59
1532,google_ads,22.59
1534,google_ads,22.59
1535,google_ads,22.59
1536,google_ads,22.59
1540,google_ads,22.59
1542,google_ads,22.59
1544,google_ads,22.59
1545,google_ads,22.59
1549,google_ads,22.59
1550,google_ads,22.59
1561,google_ads,22.59
1459,google_ads,22.59
1461,google_ads,22.59
1463,google_ads,22.59
1465,google_ads,22.59
1467,google_ads,22.59
1468,google_ads,22.59
1472,google_ads,22.59
1475,google_ads,22.59
1562,google_ads,21.85
1563,google_ads,21.85
1567,google_ads,21.85
1568,google_ads,21.85
1569,google_ads,21.85
1571,google_ads,21.85
1572,google_ads,21.85
1573,google_ads,21.85
1575,google_ads,21.85
1580,google_ads,21.85
1581,google_ads,21.85
1583,google_ads,21.85
1584,google_ads,21.85
1587,google_ads,21.85
1590,google_ads,21.85
1595,google_ads,21.85
1597,google_ads,21.85
1602,google_ads,21.85
1604,google_ads,21.85
1605,google_ads,21.85
1608,google_ads,21.85
1609,google_ads,21.85
1613,google_ads,21.85
1616,google_ads,21.85
1617,google_ads,21.85
1621,google_ads,21.85
1625,google_ads,21.85
1628,google_ads,21.85
1629,google_ads,21.85
1634,google_ads,21.85
1638,google_ads,21.85
1640,google_ads,21.85
1643,google_ads,21.85
1645,google_ads,21.85
1647,google_ads,21.85
1650,google_ads,21.85
1652,google_ads,21.85
1656,google_ads,21.85
1660,google_ads,21.85
1664,google_ads,21.85
1665,google_ads,21.85
1666,google_ads,21.85
984,referral,25.00
989,referral,25.00
992,referral,25.00
995,referral,25.00
999,referral,25.00
1002,referral,25.00
1003,referral,25.00
1008,referral,25.00
1011,referral,25.00
1012,referral,25.00
1013,referral,25.00
1018,referral,25.00
1019,referral,25.00
1040,referral,25.00
1041,referral,25.00
1043,referral,25.00
1047,referral,25.00
1049,referral,25.00
1050,referral,25.00
1051,referral,25.00
1054,referral,25.00
1057,referral,25.00
1058,referral,25.00
1060,referral,25.00
1068,referral,25.00
1071,referral,25.00
1525,tiktok_ads,48.94
1551,tiktok_ads,48.94
1560,tiktok_ads,48.94
1470,tiktok_ads,48.94
1473,tiktok_ads,48.94
1488,tiktok_ads,48.94
1490,tiktok_ads,48.94
1495,tiktok_ads,48.94
1506,tiktok_ads,48.94
819,referral,25.00
820,referral,25.00
826,referral,25.00
831,referral,25.00
834,referral,25.00
846,referral,25.00
848,referral,25.00
852,referral,25.00
856,referral,25.00
859,referral,25.00
861,referral,25.00
862,referral,25.00
868,referral,25.00
869,referral,25.00
870,referral,25.00
886,referral,25.00
889,referral,25.00
891,referral,25.00
649,google_ads,37.34
653,google_ads,37.34
654,google_ads,37.34
655,google_ads,37.34
657,google_ads,37.34
658,google_ads,37.34
659,google_ads,37.34
660,google_ads,37.34
665,google_ads,37.34
673,google_ads,37.34
674,google_ads,37.34
675,google_ads,37.34
678,google_ads,37.34
679,google_ads,37.34
680,google_ads,37.34
681,google_ads,37.34
689,google_ads,37.34
690,google_ads,37.34
696,google_ads,37.34
703,google_ads,37.34
704,google_ads,37.34
706,google_ads,37.34
707,google_ads,37.34
708,google_ads,37.34
717,google_ads,37.34
719,google_ads,37.34
721,google_ads,37.34
1803,email,34.82
1810,email,34.82
1876,email,34.82
496,email,89.63
441,affiliate,396.36
1381,email,31.65
1403,email,31.65
1434,email,31.65
450,referral,25.00
451,referral,25.00
460,referral,25.00
467,referral,25.00
474,referral,25.00
479,referral,25.00
297,tiktok_ads,37.18
321,tiktok_ads,37.18
324,tiktok_ads,37.18
325,tiktok_ads,37.18
328,tiktok_ads,37.18
342,tiktok_ads,37.18
355,tiktok_ads,37.18
168,referral,25.00
176,referral,25.00
178,referral,25.00
179,referral,25.00
183,referral,25.00
188,referral,25.00
201,referral,25.00
209,referral,25.00
211,referral,25.00
1169,google_ads,24.61
1171,google_ads,24.61
1172,google_ads,24.61
1179,google_ads,24.61
1180,google_ads,24.61
1183,google_ads,24.61
1187,google_ads,24.61
1190,google_ads,24.61
1194,google_ads,24.61
1196,google_ads,24.61
1204,google_ads,24.61
1207,google_ads,24.61
1211,google_ads,24.61
1215,google_ads,24.61
1219,google_ads,24.61
1220,google_ads,24.61
1221,google_ads,24.61
1224,google_ads,24.61
1226,google_ads,24.61
1227,google_ads,24.61
1232,google_ads,24.61
1235,google_ads,24.61
1238,google_ads,24.61
1239,google_ads,24.61
1242,google_ads,24.61
1243,google_ads,24.61
1247,google_ads,24.61
1250,google_ads,24.61
1252,google_ads,24.61
1254,google_ads,24.61
1257,google_ads,24.61
1302,referral,25.00
1304,referral,25.00
1312,referral,25.00
1330,referral,25.00
1332,referral,25.00
1336,referral,25.00
1338,referral,25.00
1345,referral,25.00
1279,referral,25.00
1289,referral,25.00
1294,referral,25.00
1301,referral,25.00
429,meta_ads,48.13
436,meta_ads,48.13
439,meta_ads,48.13
452,meta_ads,48.13
453,meta_ads,48.13
459,meta_ads,48.13
461,meta_ads,48.13
462,meta_ads,48.13
466,meta_ads,48.13
469,meta_ads,48.13
477,meta_ads,48.13
481,meta_ads,48.13
485,meta_ads,48.13
486,meta_ads,48.13
492,meta_ads,48.13
1781,google_ads,10.29
1784,google_ads,10.29
1788,google_ads,10.29
1793,google_ads,10.29
1799,google_ads,10.29
1805,google_ads,10.29
1807,google_ads,10.29
1816,google_ads,10.29
1818,google_ads,10.29
1819,google_ads,10.29
1820,google_ads,10.29
1823,google_ads,10.29
1826,google_ads,10.29
1827,google_ads,10.29
1830,google_ads,10.29
1831,google_ads,10.29
1833,google_ads,10.29
1835,google_ads,10.29
1836,google_ads,10.29
1837,google_ads,10.29
1843,google_ads,10.29
1845,google_ads,10.29
1849,google_ads,10.29
1851,google_ads,10.29
1852,google_ads,10.29
1853,google_ads,10.29
1856,google_ads,10.29
1857,google_ads,10.29
1858,google_ads,10.29
1862,google_ads,10.29
1864,google_ads,10.29
1865,google_ads,10.29
1866,google_ads,10.29
1868,google_ads,10.29
1869,google_ads,10.29
1870,google_ads,10.29
1873,google_ads,10.29
1874,google_ads,10.29
1878,google_ads,10.29
1880,google_ads,10.29
1881,google_ads,10.29
1883,google_ads,10.29
1292,affiliate,87.97
1305,affiliate,87.97
915,referral,25.00
917,referral,25.00
920,referral,25.00
922,referral,25.00
923,referral,25.00
926,referral,25.00
927,referral,25.00
928,referral,25.00
933,referral,25.00
935,referral,25.00
936,referral,25.00
939,referral,25.00
950,referral,25.00
957,referral,25.00
961,referral,25.00
964,referral,25.00
972,referral,25.00
973,referral,25.00
975,referral,25.00
978,referral,25.00
1260,tiktok_ads,23.21
1265,tiktok_ads,23.21
1273,tiktok_ads,23.21
1281,tiktok_ads,23.21
1299,tiktok_ads,23.21
1300,tiktok_ads,23.21
1309,tiktok_ads,23.21
1327,tiktok_ads,23.21
1328,tiktok_ads,23.21
1339,tiktok_ads,23.21
1346,tiktok_ads,23.21
1356,tiktok_ads,23.21
409,email,46.71
293,meta_ads,30.75
298,meta_ads,30.75
312,meta_ads,30.75
317,meta_ads,30.75
332,meta_ads,30.75
336,meta_ads,30.75
341,meta_ads,30.75
344,meta_ads,30.75
430,tiktok_ads,35.63
431,tiktok_ads,35.63
445,tiktok_ads,35.63
455,tiktok_ads,35.63
458,tiktok_ads,35.63
468,tiktok_ads,35.63
482,tiktok_ads,35.63
982,email,91.23
1779,tiktok_ads,16.30
1786,tiktok_ads,16.30
1789,tiktok_ads,16.30
1795,tiktok_ads,16.30
1800,tiktok_ads,16.30
1801,tiktok_ads,16.30
1808,tiktok_ads,16.30
1812,tiktok_ads,16.30
1847,tiktok_ads,16.30
1861,tiktok_ads,16.30
117,meta_ads,87.38
118,meta_ads,87.38
122,meta_ads,87.38
129,meta_ads,87.38
134,meta_ads,87.38
137,meta_ads,87.38
166,meta_ads,87.38
1363,referral,25.00
1371,referral,25.00
1375,referral,25.00
1382,referral,25.00
1387,referral,25.00
1389,referral,25.00
1396,referral,25.00
1400,referral,25.00
1402,referral,25.00
1405,referral,25.00
1409,referral,25.00
1411,referral,25.00
1425,referral,25.00
1428,referral,25.00
1429,referral,25.00
1436,referral,25.00
1449,referral,25.00
1451,referral,25.00
1457,referral,25.00
1458,referral,25.00
1893,referral,25.00
1896,referral,25.00
1899,referral,25.00
1902,referral,25.00
1912,referral,25.00
1913,referral,25.00
1923,referral,25.00
1938,referral,25.00
1942,referral,25.00
1945,referral,25.00
1948,referral,25.00
1961,referral,25.00
1963,referral,25.00
1964,referral,25.00
1979,referral,25.00
1989,referral,25.00
1996,referral,25.00
1889,referral,25.00
1890,referral,25.00
895,google_ads,28.41
898,google_ads,28.41
901,google_ads,28.41
905,google_ads,28.41
906,google_ads,28.41
907,google_ads,28.41
909,google_ads,28.41
911,google_ads,28.41
913,google_ads,28.41
921,google_ads,28.41
931,google_ads,28.41
932,google_ads,28.41
937,google_ads,28.41
943,google_ads,28.41
946,google_ads,28.41
948,google_ads,28.41
953,google_ads,28.41
955,google_ads,28.41
956,google_ads,28.41
958,google_ads,28.41
962,google_ads,28.41
963,google_ads,28.41
965,google_ads,28.41
966,google_ads,28.41
969,google_ads,28.41
971,google_ads,28.41
976,google_ads,28.41
977,google_ads,28.41
981,google_ads,28.41
823,meta_ads,23.11
825,meta_ads,23.11
832,meta_ads,23.11
836,meta_ads,23.11
838,meta_ads,23.11
860,meta_ads,23.11
865,meta_ads,23.11
872,meta_ads,23.11
876,meta_ads,23.11
887,meta_ads,23.11
892,meta_ads,23.11
74,affiliate,162.66
174,affiliate,221.48
173,affiliate,221.48
417,affiliate,317.83
421,affiliate,317.83
315,affiliate,451.65
1516,meta_ads,31.51
1519,meta_ads,31.51
1522,meta_ads,31.51
1523,meta_ads,31.51
1539,meta_ads,31.51
1548,meta_ads,31.51
1555,meta_ads,31.51
1471,meta_ads,31.51
1476,meta_ads,31.51
1482,meta_ads,31.51
1486,meta_ads,31.51
1487,meta_ads,31.51
1489,meta_ads,31.51
1493,meta_ads,31.51
1494,meta_ads,31.51
1497,meta_ads,31.51
1508,meta_ads,31.51
1511,meta_ads,31.51
728,meta_ads,34.42
732,meta_ads,34.42
740,meta_ads,34.42
741,meta_ads,34.42
745,meta_ads,34.42
749,meta_ads,34.42
755,meta_ads,34.42
756,meta_ads,34.42
758,meta_ads,34.42
776,meta_ads,34.42
790,meta_ads,34.42
792,meta_ads,34.42
795,meta_ads,34.42
798,meta_ads,34.42
801,meta_ads,34.42
904,email,77.99
661,affiliate,232.77
672,affiliate,232.77
722,affiliate,232.77
983,meta_ads,28.94
987,meta_ads,28.94
1004,meta_ads,28.94
1014,meta_ads,28.94
1017,meta_ads,28.94
1021,meta_ads,28.94
1024,meta_ads,28.94
1044,meta_ads,28.94
1063,meta_ads,28.94
1066,meta_ads,28.94
1070,meta_ads,28.94
1074,referral,25.00
1085,referral,25.00
1092,referral,25.00
1098,referral,25.00
1099,referral,25.00
1104,referral,25.00
1106,referral,25.00
1113,referral,25.00
1114,referral,25.00
1120,referral,25.00
1127,referral,25.00
1131,referral,25.00
1132,referral,25.00
1136,referral,25.00
1142,referral,25.00
1157,referral,25.00
1159,referral,25.00
1143,affiliate,299.68
1358,meta_ads,33.39
1361,meta_ads,33.39
1364,meta_ads,33.39
1386,meta_ads,33.39
1394,meta_ads,33.39
1395,meta_ads,33.39
1398,meta_ads,33.39
1404,meta_ads,33.39
1414,meta_ads,33.39
1417,meta_ads,33.39
1418,meta_ads,33.39
1423,meta_ads,33.39
1441,meta_ads,33.39
1452,meta_ads,33.39
784,email,75.46
771,tiktok_ads,55.71
786,tiktok_ads,55.71
788,tiktok_ads,55.71
803,tiktok_ads,55.71
806,tiktok_ads,55.71
736,tiktok_ads,55.71
748,tiktok_ads,55.71
260,affiliate,192.99
273,affiliate,192.99
511,affiliate,610.40
1755,affiliate,233.72
1760,affiliate,233.72
1141,email,35.78
1145,email,35.78
1086,email,35.78
1547,email,27.44
1552,email,27.44
1499,email,27.44
1507,email,27.44
1033,tiktok_ads,87.90
1036,tiktok_ads,87.90
1039,tiktok_ads,87.90
1046,tiktok_ads,87.90
1670,google_ads,14.62
1672,google_ads,14.62
1674,google_ads,14.62
1676,google_ads,14.62
1678,google_ads,14.62
1682,google_ads,14.62
1683,google_ads,14.62
1684,google_ads,14.62
1685,google_ads,14.62
1686,google_ads,14.62
1692,google_ads,14.62
1694,google_ads,14.62
1695,google_ads,14.62
1696,google_ads,14.62
1697,google_ads,14.62
1699,google_ads,14.62
1701,google_ads,14.62
1704,google_ads,14.62
1714,google_ads,14.62
1716,google_ads,14.62
1717,google_ads,14.62
1719,google_ads,14.62
1720,google_ads,14.62
1721,google_ads,14.62
1723,google_ads,14.62
1728,google_ads,14.62
1730,google_ads,14.62
1732,google_ads,14.62
1733,google_ads,14.62
1739,google_ads,14.62
1740,google_ads,14.62
1741,google_ads,14.62
1742,google_ads,14.62
1746,google_ads,14.62
1751,google_ads,14.62
1752,google_ads,14.62
1756,google_ads,14.62
1759,google_ads,14.62
1762,google_ads,14.62
1766,google_ads,14.62
1775,google_ads,14.62
652,meta_ads,68.12
663,meta_ads,68.12
667,meta_ads,68.12
669,meta_ads,68.12
671,meta_ads,68.12
677,meta_ads,68.12
684,meta_ads,68.12
687,meta_ads,68.12
691,meta_ads,68.12
697,meta_ads,68.12
705,meta_ads,68.12
54,tiktok_ads,33.61
64,tiktok_ads,33.61
73,tiktok_ads,33.61
79,tiktok_ads,33.61
81,tiktok_ads,33.61
86,tiktok_ads,33.61
89,tiktok_ads,33.61
103,tiktok_ads,33.61
104,tiktok_ads,33.61
105,tiktok_ads,33.61
108,tiktok_ads,33.61
1673,meta_ads,23.43
1690,meta_ads,23.43
1700,meta_ads,23.43
1705,meta_ads,23.43
1708,meta_ads,23.43
1709,meta_ads,23.43
1718,meta_ads,23.43
1735,meta_ads,23.43
1737,meta_ads,23.43
1748,meta_ads,23.43
1749,meta_ads,23.43
1750,meta_ads,23.43
1754,meta_ads,23.43
1763,meta_ads,23.43
1768,meta_ads,23.43
1769,meta_ads,23.43
1,meta_ads,38.96
9,meta_ads,38.96
10,meta_ads,38.96
11,meta_ads,38.96
12,meta_ads,38.96
18,meta_ads,38.96
22,meta_ads,38.96
26,meta_ads,38.96
27,meta_ads,38.96
29,meta_ads,38.96
32,meta_ads,38.96
39,meta_ads,38.96
49,meta_ads,38.96
50,meta_ads,38.96
1601,tiktok_ads,63.31
1606,tiktok_ads,63.31
1611,tiktok_ads,63.31
1612,tiktok_ads,63.31
1619,tiktok_ads,63.31
1637,tiktok_ads,63.31
1657,tiktok_ads,63.31
498,google_ads,19.98
499,google_ads,19.98
500,google_ads,19.98
502,google_ads,19.98
510,google_ads,19.98
515,google_ads,19.98
520,google_ads,19.98
521,google_ads,19.98
523,google_ads,19.98
524,google_ads,19.98
525,google_ads,19.98
526,google_ads,19.98
528,google_ads,19.98
529,google_ads,19.98
536,google_ads,19.98
537,google_ads,19.98
538,google_ads,19.98
546,google_ads,19.98
547,google_ads,19.98
551,google_ads,19.98
552,google_ads,19.98
556,google_ads,19.98
558,google_ads,19.98
561,google_ads,19.98
563,google_ads,19.98
565,google_ads,19.98
568,google_ads,19.98
571,google_ads,19.98
576,google_ads,30.14
577,google_ads,30.14
578,google_ads,30.14
580,google_ads,30.14
585,google_ads,30.14
586,google_ads,30.14
597,google_ads,30.14
601,google_ads,30.14
608,google_ads,30.14
611,google_ads,30.14
612,google_ads,30.14
615,google_ads,30.14
619,google_ads,30.14
621,google_ads,30.14
622,google_ads,30.14
623,google_ads,30.14
624,google_ads,30.14
626,google_ads,30.14
627,google_ads,30.14
631,google_ads,30.14
636,google_ads,30.14
641,google_ads,30.14
645,google_ads,30.14
647,google_ads,30.14
648,google_ads,30.14
787,affiliate,297.16
572,tiktok_ads,64.29
598,tiktok_ads,64.29
632,tiktok_ads,64.29
633,tiktok_ads,64.29
642,tiktok_ads,64.29
899,tiktok_ads,30.91
916,tiktok_ads,30.91
919,tiktok_ads,30.91
929,tiktok_ads,30.91
959,tiktok_ads,30.91
960,tiktok_ads,30.91
970,tiktok_ads,30.91
979,tiktok_ads,30.91
1165,tiktok_ads,21.96
1181,tiktok_ads,21.96
1202,tiktok_ads,21.96
1203,tiktok_ads,21.96
1208,tiktok_ads,21.96
1210,tiktok_ads,21.96
1218,tiktok_ads,21.96
1249,tiktok_ads,21.96
115,affiliate,545.79
1072,google_ads,27.21
1075,google_ads,27.21
1078,google_ads,27.21
1080,google_ads,27.21
1084,google_ads,27.21
1087,google_ads,27.21
1088,google_ads,27.21
1089,google_ads,27.21
1090,google_ads,27.21
1091,google_ads,27.21
1097,google_ads,27.21
1100,google_ads,27.21
1103,google_ads,27.21
1105,google_ads,27.21
1109,google_ads,27.21
1111,google_ads,27.21
1112,google_ads,27.21
1115,google_ads,27.21
1121,google_ads,27.21
1123,google_ads,27.21
1125,google_ads,27.21
1133,google_ads,27.21
1134,google_ads,27.21
1135,google_ads,27.21
1137,google_ads,27.21
1138,google_ads,27.21
1140,google_ads,27.21
1147,google_ads,27.21
1148,google_ads,27.21
1149,google_ads,27.21
1151,google_ads,27.21
1153,google_ads,27.21
1154,google_ads,27.21
1158,google_ads,27.21
1161,google_ads,27.21
1162,google_ads,27.21
764,referral,25.00
767,referral,25.00
769,referral,25.00
773,referral,25.00
777,referral,25.00
778,referral,25.00
781,referral,25.00
791,referral,25.00
793,referral,25.00
796,referral,25.00
799,referral,25.00
802,referral,25.00
809,referral,25.00
735,referral,25.00
743,referral,25.00
744,referral,25.00
747,referral,25.00
985,google_ads,19.37
986,google_ads,19.37
991,google_ads,19.37
993,google_ads,19.37
997,google_ads,19.37
1005,google_ads,19.37
1006,google_ads,19.37
1007,google_ads,19.37
1016,google_ads,19.37
1020,google_ads,19.37
1022,google_ads,19.37
1025,google_ads,19.37
1026,google_ads,19.37
1027,google_ads,19.37
1029,google_ads,19.37
1030,google_ads,19.37
1031,google_ads,19.37
1032,google_ads,19.37
1034,google_ads,19.37
1035,google_ads,19.37
1038,google_ads,19.37
1042,google_ads,19.37
1045,google_ads,19.37
1052,google_ads,19.37
1053,google_ads,19.37
1059,google_ads,19.37
1061,google_ads,19.37
1062,google_ads,19.37
1065,google_ads,19.37
1067,google_ads,19.37
1069,google_ads,19.37
506,tiktok_ads,61.92
507,tiktok_ads,61.92
514,tiktok_ads,61.92
519,tiktok_ads,61.92
522,tiktok_ads,61.92
542,tiktok_ads,61.92
560,tiktok_ads,61.92
230,referral,25.00
235,referral,25.00
237,referral,25.00
241,referral,25.00
250,referral,25.00
254,referral,25.00
257,referral,25.00
259,referral,25.00
13,tiktok_ads,134.06
37,tiktok_ads,134.06
651,referral,25.00
664,referral,25.00
666,referral,25.00
676,referral,25.00
682,referral,25.00
683,referral,25.00
685,referral,25.00
686,referral,25.00
688,referral,25.00
693,referral,25.00
694,referral,25.00
695,referral,25.00
698,referral,25.00
699,referral,25.00
700,referral,25.00
702,referral,25.00
710,referral,25.00
713,referral,25.00
714,referral,25.00
718,referral,25.00
720,referral,25.00
723,referral,25.00
724,referral,25.00
726,referral,25.00
988,organic,0
990,organic,0
994,organic,0
996,organic,0
998,organic,0
1000,organic,0
1001,organic,0
1009,organic,0
1010,organic,0
1015,organic,0
1023,organic,0
1028,organic,0
1037,organic,0
1048,organic,0
1055,organic,0
1056,organic,0
1064,organic,0
31,organic,0
35,organic,0
43,organic,0
45,organic,0
432,organic,0
434,organic,0
440,organic,0
442,organic,0
447,organic,0
456,organic,0
463,organic,0
465,organic,0
471,organic,0
483,organic,0
488,organic,0
489,organic,0
491,organic,0
495,organic,0
497,organic,0
110,organic,0
132,organic,0
140,organic,0
146,organic,0
161,organic,0
162,organic,0
163,organic,0
165,organic,0
1166,organic,0
1167,organic,0
1173,organic,0
1177,organic,0
1185,organic,0
1189,organic,0
1191,organic,0
1193,organic,0
1199,organic,0
1201,organic,0
1209,organic,0
1212,organic,0
1214,organic,0
1228,organic,0
1230,organic,0
1246,organic,0
1248,organic,0
1253,organic,0
1255,organic,0
1256,organic,0
574,organic,0
592,organic,0
594,organic,0
595,organic,0
605,organic,0
628,organic,0
640,organic,0
643,organic,0
644,organic,0
1462,organic,0
1464,organic,0
1466,organic,0
1469,organic,0
1474,organic,0
1481,organic,0
1483,organic,0
1484,organic,0
1485,organic,0
1491,organic,0
1498,organic,0
1503,organic,0
1518,organic,0
1521,organic,0
1526,organic,0
1541,organic,0
1543,organic,0
1546,organic,0
1553,organic,0
1554,organic,0
1559,organic,0
59,organic,0
61,organic,0
71,organic,0
84,organic,0
87,organic,0
395,organic,0
397,organic,0
405,organic,0
408,organic,0
415,organic,0
419,organic,0
424,organic,0
374,organic,0
650,organic,0
662,organic,0
668,organic,0
670,organic,0
712,organic,0
725,organic,0
727,organic,0
1565,organic,0
1570,organic,0
1579,organic,0
1582,organic,0
1591,organic,0
1614,organic,0
1615,organic,0
1618,organic,0
1630,organic,0
1631,organic,0
1632,organic,0
1648,organic,0
1654,organic,0
1662,organic,0
1663,organic,0
1698,organic,0
1703,organic,0
1706,organic,0
1707,organic,0
1711,organic,0
1715,organic,0
1722,organic,0
1725,organic,0
1726,organic,0
1729,organic,0
1731,organic,0
1743,organic,0
1753,organic,0
1758,organic,0
1764,organic,0
1767,organic,0
1774,organic,0
1680,organic,0
1687,organic,0
1688,organic,0
1267,organic,0
1276,organic,0
1280,organic,0
1286,organic,0
1298,organic,0
1306,organic,0
1307,organic,0
1310,organic,0
1318,organic,0
1321,organic,0
1331,organic,0
1334,organic,0
1350,organic,0
1352,organic,0
508,organic,0
509,organic,0
533,organic,0
534,organic,0
535,organic,0
539,organic,0
549,organic,0
553,organic,0
555,organic,0
557,organic,0
569,organic,0
570,organic,0
1894,organic,0
1905,organic,0
1907,organic,0
1927,organic,0
1931,organic,0
1934,organic,0
1935,organic,0
1941,organic,0
1943,organic,0
1944,organic,0
1960,organic,0
1966,organic,0
1974,organic,0
1990,organic,0
1995,organic,0
1999,organic,0
180,organic,0
186,organic,0
193,organic,0
194,organic,0
200,organic,0
202,organic,0
218,organic,0
220,organic,0
222,organic,0
224,organic,0
228,organic,0
1359,organic,0
1367,organic,0
1374,organic,0
1380,organic,0
1384,organic,0
1388,organic,0
1392,organic,0
1406,organic,0
1412,organic,0
1427,organic,0
1431,organic,0
1447,organic,0
1448,organic,0
1453,organic,0
1454,organic,0
1456,organic,0
757,organic,0
760,organic,0
762,organic,0
763,organic,0
770,organic,0
783,organic,0
794,organic,0
808,organic,0
738,organic,0
751,organic,0
752,organic,0
1791,organic,0
1796,organic,0
1798,organic,0
1806,organic,0
1809,organic,0
1824,organic,0
1825,organic,0
1838,organic,0
1844,organic,0
1848,organic,0
1867,organic,0
1871,organic,0
1884,organic,0
1885,organic,0
896,organic,0
900,organic,0
902,organic,0
908,organic,0
910,organic,0
924,organic,0
925,organic,0
938,organic,0
940,organic,0
945,organic,0
947,organic,0
951,organic,0
954,organic,0
292,organic,0
296,organic,0
300,organic,0
307,organic,0
309,organic,0
316,organic,0
318,organic,0
322,organic,0
343,organic,0
347,organic,0
356,organic,0
357,organic,0
236,organic,0
243,organic,0
246,organic,0
247,organic,0
248,organic,0
256,organic,0
263,organic,0
266,organic,0
267,organic,0
277,organic,0
282,organic,0
285,organic,0
289,organic,0
1146,organic,0
1150,organic,0
1152,organic,0
1155,organic,0
1156,organic,0
1160,organic,0
1076,organic,0
1096,organic,0
1101,organic,0
1108,organic,0
1116,organic,0
1126,organic,0
1130,organic,0
815,organic,0
824,organic,0
827,organic,0
828,organic,0
830,organic,0
841,organic,0
842,organic,0
853,organic,0
864,organic,0
871,organic,0
875,organic,0
878,organic,0
879,organic,0
883,organic,0
885,organic,0
894,organic,0
